col1;col2;col3;col4;col5;col6;col7;col8;col9;col10;col11;col12;col13;col14;col15;col16;col17;col18;col19;col20
53;Lorem;ipsum;dolor;sit;amet,;consectetur;adipiscing;elit,;sed;do;eiusmod;tempor;incididunt;ut;labore;et;dolore;magna;aliqua.
6;Lorem;ipsum;dolor;sit;amet,;consectetur;adipiscing;elit,;sed;do;eiusmod;tempor;incididunt;ut;labore;et;dolore;magna;aliqua.
19;Lorem;ipsum;dolor;sit;amet,;consectetur;adipiscing;elit,;sed;do;eiusmod;tempor;incididunt;ut;labore;et;dolore;magna;aliqua.
32;Lorem;ipsum;dolor;sit;amet,;consectetur;adipiscing;elit,;sed;do;eiusmod;tempor;incididunt;ut;labore;et;dolore;magna;aliqua.
89;Lorem;ipsum;dolor;sit;amet,;consectetur;adipiscing;elit,;sed;do;eiusmod;tempor;incididunt;ut;labore;et;dolore;magna;aliqua.
29;Lorem;ipsum;dolor;sit;amet,;consectetur;adipiscing;elit,;sed;do;eiusmod;tempor;incididunt;ut;labore;et;dolore;magna;aliqua.
68;Lorem;ipsum;dolor;sit;amet,;consectetur;adipiscing;elit,;sed;do;eiusmod;tempor;incididunt;ut;labore;et;dolore;magna;aliqua.
48;Lorem;ipsum;dolor;sit;amet,;consectetur;adipiscing;elit,;sed;do;eiusmod;tempor;incididunt;ut;labore;et;dolore;magna;aliqua.
8;Lorem;ipsum;dolor;sit;amet,;consectetur;adipiscing;elit,;sed;do;eiusmod;tempor;incididunt;ut;labore;et;dolore;magna;aliqua.
47;Lorem;ipsum;dolor;sit;amet,;consectetur;adipiscing;elit,;sed;do;eiusmod;tempor;incididunt;ut;labore;et;dolore;magna;aliqua.
16;Lorem;ipsum;dolor;sit;amet,;consectetur;adipiscing;elit,;sed;do;eiusmod;tempor;incididunt;ut;labore;et;dolore;magna;aliqua.
81;Lorem;ipsum;dolor;sit;amet,;consectetur;adipiscing;elit,;sed;do;eiusmod;tempor;incididunt;ut;labore;et;dolore;magna;aliqua.
25;Lorem;ipsum;dolor;sit;amet,;consectetur;adipiscing;elit,;sed;do;eiusmod;tempor;incididunt;ut;labore;et;dolore;magna;aliqua.
61;Lorem;ipsum;dolor;sit;amet,;consectetur;adipiscing;elit,;sed;do;eiusmod;tempor;incididunt;ut;labore;et;dolore;magna;aliqua.
64;Lorem;ipsum;dolor;sit;amet,;consectetur;adipiscing;elit,;sed;do;eiusmod;tempor;incididunt;ut;labore;et;dolore;magna;aliqua.
7;Lorem;ipsum;dolor;sit;amet,;consectetur;adipiscing;elit,;sed;do;eiusmod;tempor;incididunt;ut;labore;et;dolore;magna;aliqua.
20;Lorem;ipsum;dolor;sit;amet,;consectetur;adipiscing;elit,;sed;do;eiusmod;tempor;incididunt;ut;labore;et;dolore;magna;aliqua.
73;Lorem;ipsum;dolor;sit;amet,;consectetur;adipiscing;elit,;sed;do;eiusmod;tempor;incididunt;ut;labore;et;dolore;magna;aliqua.
59;Lorem;ipsum;dolor;sit;amet,;consectetur;adipiscing;elit,;sed;do;eiusmod;tempor;incididunt;ut;labore;et;dolore;magna;aliqua.
32;Lorem;ipsum;dolor;sit;amet,;consectetur;adipiscing;elit,;sed;do;eiusmod;tempor;incididunt;ut;labore;et;dolore;magna;aliqua.
57;Lorem;ipsum;dolor;sit;amet,;consectetur;adipiscing;elit,;sed;do;eiusmod;tempor;incididunt;ut;labore;et;dolore;magna;aliqua.
95;Lorem;ipsum;dolor;sit;amet,;consectetur;adipiscing;elit,;sed;do;eiusmod;tempor;incididunt;ut;labore;et;dolore;magna;aliqua.
21;Lorem;ipsum;dolor;sit;amet,;consectetur;adipiscing;elit,;sed;do;eiusmod;tempor;incididunt;ut;labore;et;dolore;magna;aliqua.
52;Lorem;ipsum;dolor;sit;amet,;consectetur;adipiscing;elit,;sed;do;eiusmod;tempor;incididunt;ut;labore;et;dolore;magna;aliqua.
82;Lorem;ipsum;dolor;sit;amet,;consectetur;adipiscing;elit,;sed;do;eiusmod;tempor;incididunt;ut;labore;et;dolore;magna;aliqua.
53;Lorem;ipsum;dolor;sit;amet,;consectetur;adipiscing;elit,;sed;do;eiusmod;tempor;incididunt;ut;labore;et;dolore;magna;aliqua.
55;Lorem;ipsum;dolor;sit;amet,;consectetur;adipiscing;elit,;sed;do;eiusmod;tempor;incididunt;ut;labore;et;dolore;magna;aliqua.
41;Lorem;ipsum;dolor;sit;amet,;consectetur;adipiscing;elit,;sed;do;eiusmod;tempor;incididunt;ut;labore;et;dolore;magna;aliqua.
96;Lorem;ipsum;dolor;sit;amet,;consectetur;adipiscing;elit,;sed;do;eiusmod;tempor;incididunt;ut;labore;et;dolore;magna;aliqua.
30;Lorem;ipsum;dolor;sit;amet,;consectetur;adipiscing;elit,;sed;do;eiusmod;tempor;incididunt;ut;labore;et;dolore;magna;aliqua.
24;Lorem;ipsum;dolor;sit;amet,;consectetur;adipiscing;elit,;sed;do;eiusmod;tempor;incididunt;ut;labore;et;dolore;magna;aliqua.
39;Lorem;ipsum;dolor;sit;amet,;consectetur;adipiscing;elit,;sed;do;eiusmod;tempor;incididunt;ut;labore;et;dolore;magna;aliqua.
65;Lorem;ipsum;dolor;sit;amet,;consectetur;adipiscing;elit,;sed;do;eiusmod;tempor;incididunt;ut;labore;et;dolore;magna;aliqua.
59;Lorem;ipsum;dolor;sit;amet,;consectetur;adipiscing;elit,;sed;do;eiusmod;tempor;incididunt;ut;labore;et;dolore;magna;aliqua.
25;Lorem;ipsum;dolor;sit;amet,;consectetur;adipiscing;elit,;sed;do;eiusmod;tempor;incididunt;ut;labore;et;dolore;magna;aliqua.
74;Lorem;ipsum;dolor;sit;amet,;consectetur;adipiscing;elit,;sed;do;eiusmod;tempor;incididunt;ut;labore;et;dolore;magna;aliqua.
70;Lorem;ipsum;dolor;sit;amet,;consectetur;adipiscing;elit,;sed;do;eiusmod;tempor;incididunt;ut;labore;et;dolore;magna;aliqua.
52;Lorem;ipsum;dolor;sit;amet,;consectetur;adipiscing;elit,;sed;do;eiusmod;tempor;incididunt;ut;labore;et;dolore;magna;aliqua.
57;Lorem;ipsum;dolor;sit;amet,;consectetur;adipiscing;elit,;sed;do;eiusmod;tempor;incididunt;ut;labore;et;dolore;magna;aliqua.
42;Lorem;ipsum;dolor;sit;amet,;consectetur;adipiscing;elit,;sed;do;eiusmod;tempor;incididunt;ut;labore;et;dolore;magna;aliqua.
17;Lorem;ipsum;dolor;sit;amet,;consectetur;adipiscing;elit,;sed;do;eiusmod;tempor;incididunt;ut;labore;et;dolore;magna;aliqua.
93;Lorem;ipsum;dolor;sit;amet,;consectetur;adipiscing;elit,;sed;do;eiusmod;tempor;incididunt;ut;labore;et;dolore;magna;aliqua.
39;Lorem;ipsum;dolor;sit;amet,;consectetur;adipiscing;elit,;sed;do;eiusmod;tempor;incididunt;ut;labore;et;dolore;magna;aliqua.
43;Lorem;ipsum;dolor;sit;amet,;consectetur;adipiscing;elit,;sed;do;eiusmod;tempor;incididunt;ut;labore;et;dolore;magna;aliqua.
82;Lorem;ipsum;dolor;sit;amet,;consectetur;adipiscing;elit,;sed;do;eiusmod;tempor;incididunt;ut;labore;et;dolore;magna;aliqua.
13;Lorem;ipsum;dolor;sit;amet,;consectetur;adipiscing;elit,;sed;do;eiusmod;tempor;incididunt;ut;labore;et;dolore;magna;aliqua.
40;Lorem;ipsum;dolor;sit;amet,;consectetur;adipiscing;elit,;sed;do;eiusmod;tempor;incididunt;ut;labore;et;dolore;magna;aliqua.
43;Lorem;ipsum;dolor;sit;amet,;consectetur;adipiscing;elit,;sed;do;eiusmod;tempor;incididunt;ut;labore;et;dolore;magna;aliqua.
64;Lorem;ipsum;dolor;sit;amet,;consectetur;adipiscing;elit,;sed;do;eiusmod;tempor;incididunt;ut;labore;et;dolore;magna;aliqua.
51;Lorem;ipsum;dolor;sit;amet,;consectetur;adipiscing;elit,;sed;do;eiusmod;tempor;incididunt;ut;labore;et;dolore;magna;aliqua.
44;Lorem;ipsum;dolor;sit;amet,;consectetur;adipiscing;elit,;sed;do;eiusmod;tempor;incididunt;ut;labore;et;dolore;magna;aliqua.
34;Lorem;ipsum;dolor;sit;amet,;consectetur;adipiscing;elit,;sed;do;eiusmod;tempor;incididunt;ut;labore;et;dolore;magna;aliqua.
56;Lorem;ipsum;dolor;sit;amet,;consectetur;adipiscing;elit,;sed;do;eiusmod;tempor;incididunt;ut;labore;et;dolore;magna;aliqua.
85;Lorem;ipsum;dolor;sit;amet,;consectetur;adipiscing;elit,;sed;do;eiusmod;tempor;incididunt;ut;labore;et;dolore;magna;aliqua.
100;Lorem;ipsum;dolor;sit;amet,;consectetur;adipiscing;elit,;sed;do;eiusmod;tempor;incididunt;ut;labore;et;dolore;magna;aliqua.
20;Lorem;ipsum;dolor;sit;amet,;consectetur;adipiscing;elit,;sed;do;eiusmod;tempor;incididunt;ut;labore;et;dolore;magna;aliqua.
10;Lorem;ipsum;dolor;sit;amet,;consectetur;adipiscing;elit,;sed;do;eiusmod;tempor;incididunt;ut;labore;et;dolore;magna;aliqua.
18;Lorem;ipsum;dolor;sit;amet,;consectetur;adipiscing;elit,;sed;do;eiusmod;tempor;incididunt;ut;labore;et;dolore;magna;aliqua.
18;Lorem;ipsum;dolor;sit;amet,;consectetur;adipiscing;elit,;sed;do;eiusmod;tempor;incididunt;ut;labore;et;dolore;magna;aliqua.
23;Lorem;ipsum;dolor;sit;amet,;consectetur;adipiscing;elit,;sed;do;eiusmod;tempor;incididunt;ut;labore;et;dolore;magna;aliqua.
43;Lorem;ipsum;dolor;sit;amet,;consectetur;adipiscing;elit,;sed;do;eiusmod;tempor;incididunt;ut;labore;et;dolore;magna;aliqua.
83;Lorem;ipsum;dolor;sit;amet,;consectetur;adipiscing;elit,;sed;do;eiusmod;tempor;incididunt;ut;labore;et;dolore;magna;aliqua.
67;Lorem;ipsum;dolor;sit;amet,;consectetur;adipiscing;elit,;sed;do;eiusmod;tempor;incididunt;ut;labore;et;dolore;magna;aliqua.
73;Lorem;ipsum;dolor;sit;amet,;consectetur;adipiscing;elit,;sed;do;eiusmod;tempor;incididunt;ut;labore;et;dolore;magna;aliqua.
12;Lorem;ipsum;dolor;sit;amet,;consectetur;adipiscing;elit,;sed;do;eiusmod;tempor;incididunt;ut;labore;et;dolore;magna;aliqua.
55;Lorem;ipsum;dolor;sit;amet,;consectetur;adipiscing;elit,;sed;do;eiusmod;tempor;incididunt;ut;labore;et;dolore;magna;aliqua.
74;Lorem;ipsum;dolor;sit;amet,;consectetur;adipiscing;elit,;sed;do;eiusmod;tempor;incididunt;ut;labore;et;dolore;magna;aliqua.
18;Lorem;ipsum;dolor;sit;amet,;consectetur;adipiscing;elit,;sed;do;eiusmod;tempor;incididunt;ut;labore;et;dolore;magna;aliqua.
81;Lorem;ipsum;dolor;sit;amet,;consectetur;adipiscing;elit,;sed;do;eiusmod;tempor;incididunt;ut;labore;et;dolore;magna;aliqua.
10;Lorem;ipsum;dolor;sit;amet,;consectetur;adipiscing;elit,;sed;do;eiusmod;tempor;incididunt;ut;labore;et;dolore;magna;aliqua.
33;Lorem;ipsum;dolor;sit;amet,;consectetur;adipiscing;elit,;sed;do;eiusmod;tempor;incididunt;ut;labore;et;dolore;magna;aliqua.
23;Lorem;ipsum;dolor;sit;amet,;consectetur;adipiscing;elit,;sed;do;eiusmod;tempor;incididunt;ut;labore;et;dolore;magna;aliqua.
67;Lorem;ipsum;dolor;sit;amet,;consectetur;adipiscing;elit,;sed;do;eiusmod;tempor;incididunt;ut;labore;et;dolore;magna;aliqua.
3;Lorem;ipsum;dolor;sit;amet,;consectetur;adipiscing;elit,;sed;do;eiusmod;tempor;incididunt;ut;labore;et;dolore;magna;aliqua.
4;Lorem;ipsum;dolor;sit;amet,;consectetur;adipiscing;elit,;sed;do;eiusmod;tempor;incididunt;ut;labore;et;dolore;magna;aliqua.
19;Lorem;ipsum;dolor;sit;amet,;consectetur;adipiscing;elit,;sed;do;eiusmod;tempor;incididunt;ut;labore;et;dolore;magna;aliqua.
53;Lorem;ipsum;dolor;sit;amet,;consectetur;adipiscing;elit,;sed;do;eiusmod;tempor;incididunt;ut;labore;et;dolore;magna;aliqua.
55;Lorem;ipsum;dolor;sit;amet,;consectetur;adipiscing;elit,;sed;do;eiusmod;tempor;incididunt;ut;labore;et;dolore;magna;aliqua.
73;Lorem;ipsum;dolor;sit;amet,;consectetur;adipiscing;elit,;sed;do;eiusmod;tempor;incididunt;ut;labore;et;dolore;magna;aliqua.
76;Lorem;ipsum;dolor;sit;amet,;consectetur;adipiscing;elit,;sed;do;eiusmod;tempor;incididunt;ut;labore;et;dolore;magna;aliqua.
43;Lorem;ipsum;dolor;sit;amet,;consectetur;adipiscing;elit,;sed;do;eiusmod;tempor;incididunt;ut;labore;et;dolore;magna;aliqua.
58;Lorem;ipsum;dolor;sit;amet,;consectetur;adipiscing;elit,;sed;do;eiusmod;tempor;incididunt;ut;labore;et;dolore;magna;aliqua.
94;Lorem;ipsum;dolor;sit;amet,;consectetur;adipiscing;elit,;sed;do;eiusmod;tempor;incididunt;ut;labore;et;dolore;magna;aliqua.
51;Lorem;ipsum;dolor;sit;amet,;consectetur;adipiscing;elit,;sed;do;eiusmod;tempor;incididunt;ut;labore;et;dolore;magna;aliqua.
44;Lorem;ipsum;dolor;sit;amet,;consectetur;adipiscing;elit,;sed;do;eiusmod;tempor;incididunt;ut;labore;et;dolore;magna;aliqua.
3;Lorem;ipsum;dolor;sit;amet,;consectetur;adipiscing;elit,;sed;do;eiusmod;tempor;incididunt;ut;labore;et;dolore;magna;aliqua.
50;Lorem;ipsum;dolor;sit;amet,;consectetur;adipiscing;elit,;sed;do;eiusmod;tempor;incididunt;ut;labore;et;dolore;magna;aliqua.
2;Lorem;ipsum;dolor;sit;amet,;consectetur;adipiscing;elit,;sed;do;eiusmod;tempor;incididunt;ut;labore;et;dolore;magna;aliqua.
8;Lorem;ipsum;dolor;sit;amet,;consectetur;adipiscing;elit,;sed;do;eiusmod;tempor;incididunt;ut;labore;et;dolore;magna;aliqua.
52;Lorem;ipsum;dolor;sit;amet,;consectetur;adipiscing;elit,;sed;do;eiusmod;tempor;incididunt;ut;labore;et;dolore;magna;aliqua.
62;Lorem;ipsum;dolor;sit;amet,;consectetur;adipiscing;elit,;sed;do;eiusmod;tempor;incididunt;ut;labore;et;dolore;magna;aliqua.
7;Lorem;ipsum;dolor;sit;amet,;consectetur;adipiscing;elit,;sed;do;eiusmod;tempor;incididunt;ut;labore;et;dolore;magna;aliqua.
2;Lorem;ipsum;dolor;sit;amet,;consectetur;adipiscing;elit,;sed;do;eiusmod;tempor;incididunt;ut;labore;et;dolore;magna;aliqua.
4;Lorem;ipsum;dolor;sit;amet,;consectetur;adipiscing;elit,;sed;do;eiusmod;tempor;incididunt;ut;labore;et;dolore;magna;aliqua.
51;Lorem;ipsum;dolor;sit;amet,;consectetur;adipiscing;elit,;sed;do;eiusmod;tempor;incididunt;ut;labore;et;dolore;magna;aliqua.
46;Lorem;ipsum;dolor;sit;amet,;consectetur;adipiscing;elit,;sed;do;eiusmod;tempor;incididunt;ut;labore;et;dolore;magna;aliqua.
13;Lorem;ipsum;dolor;sit;amet,;consectetur;adipiscing;elit,;sed;do;eiusmod;tempor;incididunt;ut;labore;et;dolore;magna;aliqua.
73;Lorem;ipsum;dolor;sit;amet,;consectetur;adipiscing;elit,;sed;do;eiusmod;tempor;incididunt;ut;labore;et;dolore;magna;aliqua.
36;Lorem;ipsum;dolor;sit;amet,;consectetur;adipiscing;elit,;sed;do;eiusmod;tempor;incididunt;ut;labore;et;dolore;magna;aliqua.
93;Lorem;ipsum;dolor;sit;amet,;consectetur;adipiscing;elit,;sed;do;eiusmod;tempor;incididunt;ut;labore;et;dolore;magna;aliqua.
84;Lorem;ipsum;dolor;sit;amet,;consectetur;adipiscing;elit,;sed;do;eiusmod;tempor;incididunt;ut;labore;et;dolore;magna;aliqua.
46;Lorem;ipsum;dolor;sit;amet,;consectetur;adipiscing;elit,;sed;do;eiusmod;tempor;incididunt;ut;labore;et;dolore;magna;aliqua.
87;Lorem;ipsum;dolor;sit;amet,;consectetur;adipiscing;elit,;sed;do;eiusmod;tempor;incididunt;ut;labore;et;dolore;magna;aliqua.
90;Lorem;ipsum;dolor;sit;amet,;consectetur;adipiscing;elit,;sed;do;eiusmod;tempor;incididunt;ut;labore;et;dolore;magna;aliqua.
21;Lorem;ipsum;dolor;sit;amet,;consectetur;adipiscing;elit,;sed;do;eiusmod;tempor;incididunt;ut;labore;et;dolore;magna;aliqua.
19;Lorem;ipsum;dolor;sit;amet,;consectetur;adipiscing;elit,;sed;do;eiusmod;tempor;incididunt;ut;labore;et;dolore;magna;aliqua.
100;Lorem;ipsum;dolor;sit;amet,;consectetur;adipiscing;elit,;sed;do;eiusmod;tempor;incididunt;ut;labore;et;dolore;magna;aliqua.
61;Lorem;ipsum;dolor;sit;amet,;consectetur;adipiscing;elit,;sed;do;eiusmod;tempor;incididunt;ut;labore;et;dolore;magna;aliqua.
72;Lorem;ipsum;dolor;sit;amet,;consectetur;adipiscing;elit,;sed;do;eiusmod;tempor;incididunt;ut;labore;et;dolore;magna;aliqua.
7;Lorem;ipsum;dolor;sit;amet,;consectetur;adipiscing;elit,;sed;do;eiusmod;tempor;incididunt;ut;labore;et;dolore;magna;aliqua.
64;Lorem;ipsum;dolor;sit;amet,;consectetur;adipiscing;elit,;sed;do;eiusmod;tempor;incididunt;ut;labore;et;dolore;magna;aliqua.
71;Lorem;ipsum;dolor;sit;amet,;consectetur;adipiscing;elit,;sed;do;eiusmod;tempor;incididunt;ut;labore;et;dolore;magna;aliqua.
86;Lorem;ipsum;dolor;sit;amet,;consectetur;adipiscing;elit,;sed;do;eiusmod;tempor;incididunt;ut;labore;et;dolore;magna;aliqua.
34;Lorem;ipsum;dolor;sit;amet,;consectetur;adipiscing;elit,;sed;do;eiusmod;tempor;incididunt;ut;labore;et;dolore;magna;aliqua.
3;Lorem;ipsum;dolor;sit;amet,;consectetur;adipiscing;elit,;sed;do;eiusmod;tempor;incididunt;ut;labore;et;dolore;magna;aliqua.
82;Lorem;ipsum;dolor;sit;amet,;consectetur;adipiscing;elit,;sed;do;eiusmod;tempor;incididunt;ut;labore;et;dolore;magna;aliqua.
5;Lorem;ipsum;dolor;sit;amet,;consectetur;adipiscing;elit,;sed;do;eiusmod;tempor;incididunt;ut;labore;et;dolore;magna;aliqua.
68;Lorem;ipsum;dolor;sit;amet,;consectetur;adipiscing;elit,;sed;do;eiusmod;tempor;incididunt;ut;labore;et;dolore;magna;aliqua.
46;Lorem;ipsum;dolor;sit;amet,;consectetur;adipiscing;elit,;sed;do;eiusmod;tempor;incididunt;ut;labore;et;dolore;magna;aliqua.
40;Lorem;ipsum;dolor;sit;amet,;consectetur;adipiscing;elit,;sed;do;eiusmod;tempor;incididunt;ut;labore;et;dolore;magna;aliqua.
18;Lorem;ipsum;dolor;sit;amet,;consectetur;adipiscing;elit,;sed;do;eiusmod;tempor;incididunt;ut;labore;et;dolore;magna;aliqua.
82;Lorem;ipsum;dolor;sit;amet,;consectetur;adipiscing;elit,;sed;do;eiusmod;tempor;incididunt;ut;labore;et;dolore;magna;aliqua.
28;Lorem;ipsum;dolor;sit;amet,;consectetur;adipiscing;elit,;sed;do;eiusmod;tempor;incididunt;ut;labore;et;dolore;magna;aliqua.
90;Lorem;ipsum;dolor;sit;amet,;consectetur;adipiscing;elit,;sed;do;eiusmod;tempor;incididunt;ut;labore;et;dolore;magna;aliqua.
66;Lorem;ipsum;dolor;sit;amet,;consectetur;adipiscing;elit,;sed;do;eiusmod;tempor;incididunt;ut;labore;et;dolore;magna;aliqua.
86;Lorem;ipsum;dolor;sit;amet,;consectetur;adipiscing;elit,;sed;do;eiusmod;tempor;incididunt;ut;labore;et;dolore;magna;aliqua.
89;Lorem;ipsum;dolor;sit;amet,;consectetur;adipiscing;elit,;sed;do;eiusmod;tempor;incididunt;ut;labore;et;dolore;magna;aliqua.
10;Lorem;ipsum;dolor;sit;amet,;consectetur;adipiscing;elit,;sed;do;eiusmod;tempor;incididunt;ut;labore;et;dolore;magna;aliqua.
77;Lorem;ipsum;dolor;sit;amet,;consectetur;adipiscing;elit,;sed;do;eiusmod;tempor;incididunt;ut;labore;et;dolore;magna;aliqua.
86;Lorem;ipsum;dolor;sit;amet,;consectetur;adipiscing;elit,;sed;do;eiusmod;tempor;incididunt;ut;labore;et;dolore;magna;aliqua.
72;Lorem;ipsum;dolor;sit;amet,;consectetur;adipiscing;elit,;sed;do;eiusmod;tempor;incididunt;ut;labore;et;dolore;magna;aliqua.
47;Lorem;ipsum;dolor;sit;amet,;consectetur;adipiscing;elit,;sed;do;eiusmod;tempor;incididunt;ut;labore;et;dolore;magna;aliqua.
100;Lorem;ipsum;dolor;sit;amet,;consectetur;adipiscing;elit,;sed;do;eiusmod;tempor;incididunt;ut;labore;et;dolore;magna;aliqua.
5;Lorem;ipsum;dolor;sit;amet,;consectetur;adipiscing;elit,;sed;do;eiusmod;tempor;incididunt;ut;labore;et;dolore;magna;aliqua.
64;Lorem;ipsum;dolor;sit;amet,;consectetur;adipiscing;elit,;sed;do;eiusmod;tempor;incididunt;ut;labore;et;dolore;magna;aliqua.
23;Lorem;ipsum;dolor;sit;amet,;consectetur;adipiscing;elit,;sed;do;eiusmod;tempor;incididunt;ut;labore;et;dolore;magna;aliqua.
70;Lorem;ipsum;dolor;sit;amet,;consectetur;adipiscing;elit,;sed;do;eiusmod;tempor;incididunt;ut;labore;et;dolore;magna;aliqua.
68;Lorem;ipsum;dolor;sit;amet,;consectetur;adipiscing;elit,;sed;do;eiusmod;tempor;incididunt;ut;labore;et;dolore;magna;aliqua.
47;Lorem;ipsum;dolor;sit;amet,;consectetur;adipiscing;elit,;sed;do;eiusmod;tempor;incididunt;ut;labore;et;dolore;magna;aliqua.
3;Lorem;ipsum;dolor;sit;amet,;consectetur;adipiscing;elit,;sed;do;eiusmod;tempor;incididunt;ut;labore;et;dolore;magna;aliqua.
38;Lorem;ipsum;dolor;sit;amet,;consectetur;adipiscing;elit,;sed;do;eiusmod;tempor;incididunt;ut;labore;et;dolore;magna;aliqua.
26;Lorem;ipsum;dolor;sit;amet,;consectetur;adipiscing;elit,;sed;do;eiusmod;tempor;incididunt;ut;labore;et;dolore;magna;aliqua.
58;Lorem;ipsum;dolor;sit;amet,;consectetur;adipiscing;elit,;sed;do;eiusmod;tempor;incididunt;ut;labore;et;dolore;magna;aliqua.
21;Lorem;ipsum;dolor;sit;amet,;consectetur;adipiscing;elit,;sed;do;eiusmod;tempor;incididunt;ut;labore;et;dolore;magna;aliqua.
4;Lorem;ipsum;dolor;sit;amet,;consectetur;adipiscing;elit,;sed;do;eiusmod;tempor;incididunt;ut;labore;et;dolore;magna;aliqua.
74;Lorem;ipsum;dolor;sit;amet,;consectetur;adipiscing;elit,;sed;do;eiusmod;tempor;incididunt;ut;labore;et;dolore;magna;aliqua.
51;Lorem;ipsum;dolor;sit;amet,;consectetur;adipiscing;elit,;sed;do;eiusmod;tempor;incididunt;ut;labore;et;dolore;magna;aliqua.
93;Lorem;ipsum;dolor;sit;amet,;consectetur;adipiscing;elit,;sed;do;eiusmod;tempor;incididunt;ut;labore;et;dolore;magna;aliqua.
65;Lorem;ipsum;dolor;sit;amet,;consectetur;adipiscing;elit,;sed;do;eiusmod;tempor;incididunt;ut;labore;et;dolore;magna;aliqua.
71;Lorem;ipsum;dolor;sit;amet,;consectetur;adipiscing;elit,;sed;do;eiusmod;tempor;incididunt;ut;labore;et;dolore;magna;aliqua.
59;Lorem;ipsum;dolor;sit;amet,;consectetur;adipiscing;elit,;sed;do;eiusmod;tempor;incididunt;ut;labore;et;dolore;magna;aliqua.
77;Lorem;ipsum;dolor;sit;amet,;consectetur;adipiscing;elit,;sed;do;eiusmod;tempor;incididunt;ut;labore;et;dolore;magna;aliqua.
50;Lorem;ipsum;dolor;sit;amet,;consectetur;adipiscing;elit,;sed;do;eiusmod;tempor;incididunt;ut;labore;et;dolore;magna;aliqua.
74;Lorem;ipsum;dolor;sit;amet,;consectetur;adipiscing;elit,;sed;do;eiusmod;tempor;incididunt;ut;labore;et;dolore;magna;aliqua.
89;Lorem;ipsum;dolor;sit;amet,;consectetur;adipiscing;elit,;sed;do;eiusmod;tempor;incididunt;ut;labore;et;dolore;magna;aliqua.
31;Lorem;ipsum;dolor;sit;amet,;consectetur;adipiscing;elit,;sed;do;eiusmod;tempor;incididunt;ut;labore;et;dolore;magna;aliqua.
62;Lorem;ipsum;dolor;sit;amet,;consectetur;adipiscing;elit,;sed;do;eiusmod;tempor;incididunt;ut;labore;et;dolore;magna;aliqua.
86;Lorem;ipsum;dolor;sit;amet,;consectetur;adipiscing;elit,;sed;do;eiusmod;tempor;incididunt;ut;labore;et;dolore;magna;aliqua.
91;Lorem;ipsum;dolor;sit;amet,;consectetur;adipiscing;elit,;sed;do;eiusmod;tempor;incididunt;ut;labore;et;dolore;magna;aliqua.
83;Lorem;ipsum;dolor;sit;amet,;consectetur;adipiscing;elit,;sed;do;eiusmod;tempor;incididunt;ut;labore;et;dolore;magna;aliqua.
85;Lorem;ipsum;dolor;sit;amet,;consectetur;adipiscing;elit,;sed;do;eiusmod;tempor;incididunt;ut;labore;et;dolore;magna;aliqua.
68;Lorem;ipsum;dolor;sit;amet,;consectetur;adipiscing;elit,;sed;do;eiusmod;tempor;incididunt;ut;labore;et;dolore;magna;aliqua.
82;Lorem;ipsum;dolor;sit;amet,;consectetur;adipiscing;elit,;sed;do;eiusmod;tempor;incididunt;ut;labore;et;dolore;magna;aliqua.
19;Lorem;ipsum;dolor;sit;amet,;consectetur;adipiscing;elit,;sed;do;eiusmod;tempor;incididunt;ut;labore;et;dolore;magna;aliqua.
75;Lorem;ipsum;dolor;sit;amet,;consectetur;adipiscing;elit,;sed;do;eiusmod;tempor;incididunt;ut;labore;et;dolore;magna;aliqua.
48;Lorem;ipsum;dolor;sit;amet,;consectetur;adipiscing;elit,;sed;do;eiusmod;tempor;incididunt;ut;labore;et;dolore;magna;aliqua.
53;Lorem;ipsum;dolor;sit;amet,;consectetur;adipiscing;elit,;sed;do;eiusmod;tempor;incididunt;ut;labore;et;dolore;magna;aliqua.
43;Lorem;ipsum;dolor;sit;amet,;consectetur;adipiscing;elit,;sed;do;eiusmod;tempor;incididunt;ut;labore;et;dolore;magna;aliqua.
65;Lorem;ipsum;dolor;sit;amet,;consectetur;adipiscing;elit,;sed;do;eiusmod;tempor;incididunt;ut;labore;et;dolore;magna;aliqua.
35;Lorem;ipsum;dolor;sit;amet,;consectetur;adipiscing;elit,;sed;do;eiusmod;tempor;incididunt;ut;labore;et;dolore;magna;aliqua.
98;Lorem;ipsum;dolor;sit;amet,;consectetur;adipiscing;elit,;sed;do;eiusmod;tempor;incididunt;ut;labore;et;dolore;magna;aliqua.
9;Lorem;ipsum;dolor;sit;amet,;consectetur;adipiscing;elit,;sed;do;eiusmod;tempor;incididunt;ut;labore;et;dolore;magna;aliqua.
52;Lorem;ipsum;dolor;sit;amet,;consectetur;adipiscing;elit,;sed;do;eiusmod;tempor;incididunt;ut;labore;et;dolore;magna;aliqua.
93;Lorem;ipsum;dolor;sit;amet,;consectetur;adipiscing;elit,;sed;do;eiusmod;tempor;incididunt;ut;labore;et;dolore;magna;aliqua.
40;Lorem;ipsum;dolor;sit;amet,;consectetur;adipiscing;elit,;sed;do;eiusmod;tempor;incididunt;ut;labore;et;dolore;magna;aliqua.
74;Lorem;ipsum;dolor;sit;amet,;consectetur;adipiscing;elit,;sed;do;eiusmod;tempor;incididunt;ut;labore;et;dolore;magna;aliqua.
81;Lorem;ipsum;dolor;sit;amet,;consectetur;adipiscing;elit,;sed;do;eiusmod;tempor;incididunt;ut;labore;et;dolore;magna;aliqua.
100;Lorem;ipsum;dolor;sit;amet,;consectetur;adipiscing;elit,;sed;do;eiusmod;tempor;incididunt;ut;labore;et;dolore;magna;aliqua.
38;Lorem;ipsum;dolor;sit;amet,;consectetur;adipiscing;elit,;sed;do;eiusmod;tempor;incididunt;ut;labore;et;dolore;magna;aliqua.
58;Lorem;ipsum;dolor;sit;amet,;consectetur;adipiscing;elit,;sed;do;eiusmod;tempor;incididunt;ut;labore;et;dolore;magna;aliqua.
94;Lorem;ipsum;dolor;sit;amet,;consectetur;adipiscing;elit,;sed;do;eiusmod;tempor;incididunt;ut;labore;et;dolore;magna;aliqua.
9;Lorem;ipsum;dolor;sit;amet,;consectetur;adipiscing;elit,;sed;do;eiusmod;tempor;incididunt;ut;labore;et;dolore;magna;aliqua.
55;Lorem;ipsum;dolor;sit;amet,;consectetur;adipiscing;elit,;sed;do;eiusmod;tempor;incididunt;ut;labore;et;dolore;magna;aliqua.
67;Lorem;ipsum;dolor;sit;amet,;consectetur;adipiscing;elit,;sed;do;eiusmod;tempor;incididunt;ut;labore;et;dolore;magna;aliqua.
27;Lorem;ipsum;dolor;sit;amet,;consectetur;adipiscing;elit,;sed;do;eiusmod;tempor;incididunt;ut;labore;et;dolore;magna;aliqua.
52;Lorem;ipsum;dolor;sit;amet,;consectetur;adipiscing;elit,;sed;do;eiusmod;tempor;incididunt;ut;labore;et;dolore;magna;aliqua.
93;Lorem;ipsum;dolor;sit;amet,;consectetur;adipiscing;elit,;sed;do;eiusmod;tempor;incididunt;ut;labore;et;dolore;magna;aliqua.
49;Lorem;ipsum;dolor;sit;amet,;consectetur;adipiscing;elit,;sed;do;eiusmod;tempor;incididunt;ut;labore;et;dolore;magna;aliqua.
36;Lorem;ipsum;dolor;sit;amet,;consectetur;adipiscing;elit,;sed;do;eiusmod;tempor;incididunt;ut;labore;et;dolore;magna;aliqua.
14;Lorem;ipsum;dolor;sit;amet,;consectetur;adipiscing;elit,;sed;do;eiusmod;tempor;incididunt;ut;labore;et;dolore;magna;aliqua.
13;Lorem;ipsum;dolor;sit;amet,;consectetur;adipiscing;elit,;sed;do;eiusmod;tempor;incididunt;ut;labore;et;dolore;magna;aliqua.
49;Lorem;ipsum;dolor;sit;amet,;consectetur;adipiscing;elit,;sed;do;eiusmod;tempor;incididunt;ut;labore;et;dolore;magna;aliqua.
10;Lorem;ipsum;dolor;sit;amet,;consectetur;adipiscing;elit,;sed;do;eiusmod;tempor;incididunt;ut;labore;et;dolore;magna;aliqua.
38;Lorem;ipsum;dolor;sit;amet,;consectetur;adipiscing;elit,;sed;do;eiusmod;tempor;incididunt;ut;labore;et;dolore;magna;aliqua.
44;Lorem;ipsum;dolor;sit;amet,;consectetur;adipiscing;elit,;sed;do;eiusmod;tempor;incididunt;ut;labore;et;dolore;magna;aliqua.
66;Lorem;ipsum;dolor;sit;amet,;consectetur;adipiscing;elit,;sed;do;eiusmod;tempor;incididunt;ut;labore;et;dolore;magna;aliqua.
70;Lorem;ipsum;dolor;sit;amet,;consectetur;adipiscing;elit,;sed;do;eiusmod;tempor;incididunt;ut;labore;et;dolore;magna;aliqua.
56;Lorem;ipsum;dolor;sit;amet,;consectetur;adipiscing;elit,;sed;do;eiusmod;tempor;incididunt;ut;labore;et;dolore;magna;aliqua.
59;Lorem;ipsum;dolor;sit;amet,;consectetur;adipiscing;elit,;sed;do;eiusmod;tempor;incididunt;ut;labore;et;dolore;magna;aliqua.
16;Lorem;ipsum;dolor;sit;amet,;consectetur;adipiscing;elit,;sed;do;eiusmod;tempor;incididunt;ut;labore;et;dolore;magna;aliqua.
73;Lorem;ipsum;dolor;sit;amet,;consectetur;adipiscing;elit,;sed;do;eiusmod;tempor;incididunt;ut;labore;et;dolore;magna;aliqua.
16;Lorem;ipsum;dolor;sit;amet,;consectetur;adipiscing;elit,;sed;do;eiusmod;tempor;incididunt;ut;labore;et;dolore;magna;aliqua.
9;Lorem;ipsum;dolor;sit;amet,;consectetur;adipiscing;elit,;sed;do;eiusmod;tempor;incididunt;ut;labore;et;dolore;magna;aliqua.
88;Lorem;ipsum;dolor;sit;amet,;consectetur;adipiscing;elit,;sed;do;eiusmod;tempor;incididunt;ut;labore;et;dolore;magna;aliqua.
16;Lorem;ipsum;dolor;sit;amet,;consectetur;adipiscing;elit,;sed;do;eiusmod;tempor;incididunt;ut;labore;et;dolore;magna;aliqua.
10;Lorem;ipsum;dolor;sit;amet,;consectetur;adipiscing;elit,;sed;do;eiusmod;tempor;incididunt;ut;labore;et;dolore;magna;aliqua.
45;Lorem;ipsum;dolor;sit;amet,;consectetur;adipiscing;elit,;sed;do;eiusmod;tempor;incididunt;ut;labore;et;dolore;magna;aliqua.
32;Lorem;ipsum;dolor;sit;amet,;consectetur;adipiscing;elit,;sed;do;eiusmod;tempor;incididunt;ut;labore;et;dolore;magna;aliqua.
6;Lorem;ipsum;dolor;sit;amet,;consectetur;adipiscing;elit,;sed;do;eiusmod;tempor;incididunt;ut;labore;et;dolore;magna;aliqua.
60;Lorem;ipsum;dolor;sit;amet,;consectetur;adipiscing;elit,;sed;do;eiusmod;tempor;incididunt;ut;labore;et;dolore;magna;aliqua.
53;Lorem;ipsum;dolor;sit;amet,;consectetur;adipiscing;elit,;sed;do;eiusmod;tempor;incididunt;ut;labore;et;dolore;magna;aliqua.
11;Lorem;ipsum;dolor;sit;amet,;consectetur;adipiscing;elit,;sed;do;eiusmod;tempor;incididunt;ut;labore;et;dolore;magna;aliqua.
12;Lorem;ipsum;dolor;sit;amet,;consectetur;adipiscing;elit,;sed;do;eiusmod;tempor;incididunt;ut;labore;et;dolore;magna;aliqua.
24;Lorem;ipsum;dolor;sit;amet,;consectetur;adipiscing;elit,;sed;do;eiusmod;tempor;incididunt;ut;labore;et;dolore;magna;aliqua.
55;Lorem;ipsum;dolor;sit;amet,;consectetur;adipiscing;elit,;sed;do;eiusmod;tempor;incididunt;ut;labore;et;dolore;magna;aliqua.
49;Lorem;ipsum;dolor;sit;amet,;consectetur;adipiscing;elit,;sed;do;eiusmod;tempor;incididunt;ut;labore;et;dolore;magna;aliqua.
44;Lorem;ipsum;dolor;sit;amet,;consectetur;adipiscing;elit,;sed;do;eiusmod;tempor;incididunt;ut;labore;et;dolore;magna;aliqua.
38;Lorem;ipsum;dolor;sit;amet,;consectetur;adipiscing;elit,;sed;do;eiusmod;tempor;incididunt;ut;labore;et;dolore;magna;aliqua.
84;Lorem;ipsum;dolor;sit;amet,;consectetur;adipiscing;elit,;sed;do;eiusmod;tempor;incididunt;ut;labore;et;dolore;magna;aliqua.
51;Lorem;ipsum;dolor;sit;amet,;consectetur;adipiscing;elit,;sed;do;eiusmod;tempor;incididunt;ut;labore;et;dolore;magna;aliqua.
91;Lorem;ipsum;dolor;sit;amet,;consectetur;adipiscing;elit,;sed;do;eiusmod;tempor;incididunt;ut;labore;et;dolore;magna;aliqua.
85;Lorem;ipsum;dolor;sit;amet,;consectetur;adipiscing;elit,;sed;do;eiusmod;tempor;incididunt;ut;labore;et;dolore;magna;aliqua.
5;Lorem;ipsum;dolor;sit;amet,;consectetur;adipiscing;elit,;sed;do;eiusmod;tempor;incididunt;ut;labore;et;dolore;magna;aliqua.
24;Lorem;ipsum;dolor;sit;amet,;consectetur;adipiscing;elit,;sed;do;eiusmod;tempor;incididunt;ut;labore;et;dolore;magna;aliqua.
77;Lorem;ipsum;dolor;sit;amet,;consectetur;adipiscing;elit,;sed;do;eiusmod;tempor;incididunt;ut;labore;et;dolore;magna;aliqua.
4;Lorem;ipsum;dolor;sit;amet,;consectetur;adipiscing;elit,;sed;do;eiusmod;tempor;incididunt;ut;labore;et;dolore;magna;aliqua.
26;Lorem;ipsum;dolor;sit;amet,;consectetur;adipiscing;elit,;sed;do;eiusmod;tempor;incididunt;ut;labore;et;dolore;magna;aliqua.
42;Lorem;ipsum;dolor;sit;amet,;consectetur;adipiscing;elit,;sed;do;eiusmod;tempor;incididunt;ut;labore;et;dolore;magna;aliqua.
28;Lorem;ipsum;dolor;sit;amet,;consectetur;adipiscing;elit,;sed;do;eiusmod;tempor;incididunt;ut;labore;et;dolore;magna;aliqua.
9;Lorem;ipsum;dolor;sit;amet,;consectetur;adipiscing;elit,;sed;do;eiusmod;tempor;incididunt;ut;labore;et;dolore;magna;aliqua.
36;Lorem;ipsum;dolor;sit;amet,;consectetur;adipiscing;elit,;sed;do;eiusmod;tempor;incididunt;ut;labore;et;dolore;magna;aliqua.
58;Lorem;ipsum;dolor;sit;amet,;consectetur;adipiscing;elit,;sed;do;eiusmod;tempor;incididunt;ut;labore;et;dolore;magna;aliqua.
90;Lorem;ipsum;dolor;sit;amet,;consectetur;adipiscing;elit,;sed;do;eiusmod;tempor;incididunt;ut;labore;et;dolore;magna;aliqua.
91;Lorem;ipsum;dolor;sit;amet,;consectetur;adipiscing;elit,;sed;do;eiusmod;tempor;incididunt;ut;labore;et;dolore;magna;aliqua.
8;Lorem;ipsum;dolor;sit;amet,;consectetur;adipiscing;elit,;sed;do;eiusmod;tempor;incididunt;ut;labore;et;dolore;magna;aliqua.
59;Lorem;ipsum;dolor;sit;amet,;consectetur;adipiscing;elit,;sed;do;eiusmod;tempor;incididunt;ut;labore;et;dolore;magna;aliqua.
66;Lorem;ipsum;dolor;sit;amet,;consectetur;adipiscing;elit,;sed;do;eiusmod;tempor;incididunt;ut;labore;et;dolore;magna;aliqua.
44;Lorem;ipsum;dolor;sit;amet,;consectetur;adipiscing;elit,;sed;do;eiusmod;tempor;incididunt;ut;labore;et;dolore;magna;aliqua.
64;Lorem;ipsum;dolor;sit;amet,;consectetur;adipiscing;elit,;sed;do;eiusmod;tempor;incididunt;ut;labore;et;dolore;magna;aliqua.
69;Lorem;ipsum;dolor;sit;amet,;consectetur;adipiscing;elit,;sed;do;eiusmod;tempor;incididunt;ut;labore;et;dolore;magna;aliqua.
28;Lorem;ipsum;dolor;sit;amet,;consectetur;adipiscing;elit,;sed;do;eiusmod;tempor;incididunt;ut;labore;et;dolore;magna;aliqua.
35;Lorem;ipsum;dolor;sit;amet,;consectetur;adipiscing;elit,;sed;do;eiusmod;tempor;incididunt;ut;labore;et;dolore;magna;aliqua.
23;Lorem;ipsum;dolor;sit;amet,;consectetur;adipiscing;elit,;sed;do;eiusmod;tempor;incididunt;ut;labore;et;dolore;magna;aliqua.
28;Lorem;ipsum;dolor;sit;amet,;consectetur;adipiscing;elit,;sed;do;eiusmod;tempor;incididunt;ut;labore;et;dolore;magna;aliqua.
63;Lorem;ipsum;dolor;sit;amet,;consectetur;adipiscing;elit,;sed;do;eiusmod;tempor;incididunt;ut;labore;et;dolore;magna;aliqua.
48;Lorem;ipsum;dolor;sit;amet,;consectetur;adipiscing;elit,;sed;do;eiusmod;tempor;incididunt;ut;labore;et;dolore;magna;aliqua.
55;Lorem;ipsum;dolor;sit;amet,;consectetur;adipiscing;elit,;sed;do;eiusmod;tempor;incididunt;ut;labore;et;dolore;magna;aliqua.
44;Lorem;ipsum;dolor;sit;amet,;consectetur;adipiscing;elit,;sed;do;eiusmod;tempor;incididunt;ut;labore;et;dolore;magna;aliqua.
2;Lorem;ipsum;dolor;sit;amet,;consectetur;adipiscing;elit,;sed;do;eiusmod;tempor;incididunt;ut;labore;et;dolore;magna;aliqua.
33;Lorem;ipsum;dolor;sit;amet,;consectetur;adipiscing;elit,;sed;do;eiusmod;tempor;incididunt;ut;labore;et;dolore;magna;aliqua.
10;Lorem;ipsum;dolor;sit;amet,;consectetur;adipiscing;elit,;sed;do;eiusmod;tempor;incididunt;ut;labore;et;dolore;magna;aliqua.
70;Lorem;ipsum;dolor;sit;amet,;consectetur;adipiscing;elit,;sed;do;eiusmod;tempor;incididunt;ut;labore;et;dolore;magna;aliqua.
3;Lorem;ipsum;dolor;sit;amet,;consectetur;adipiscing;elit,;sed;do;eiusmod;tempor;incididunt;ut;labore;et;dolore;magna;aliqua.
66;Lorem;ipsum;dolor;sit;amet,;consectetur;adipiscing;elit,;sed;do;eiusmod;tempor;incididunt;ut;labore;et;dolore;magna;aliqua.
77;Lorem;ipsum;dolor;sit;amet,;consectetur;adipiscing;elit,;sed;do;eiusmod;tempor;incididunt;ut;labore;et;dolore;magna;aliqua.
51;Lorem;ipsum;dolor;sit;amet,;consectetur;adipiscing;elit,;sed;do;eiusmod;tempor;incididunt;ut;labore;et;dolore;magna;aliqua.
57;Lorem;ipsum;dolor;sit;amet,;consectetur;adipiscing;elit,;sed;do;eiusmod;tempor;incididunt;ut;labore;et;dolore;magna;aliqua.
85;Lorem;ipsum;dolor;sit;amet,;consectetur;adipiscing;elit,;sed;do;eiusmod;tempor;incididunt;ut;labore;et;dolore;magna;aliqua.
2;Lorem;ipsum;dolor;sit;amet,;consectetur;adipiscing;elit,;sed;do;eiusmod;tempor;incididunt;ut;labore;et;dolore;magna;aliqua.
48;Lorem;ipsum;dolor;sit;amet,;consectetur;adipiscing;elit,;sed;do;eiusmod;tempor;incididunt;ut;labore;et;dolore;magna;aliqua.
30;Lorem;ipsum;dolor;sit;amet,;consectetur;adipiscing;elit,;sed;do;eiusmod;tempor;incididunt;ut;labore;et;dolore;magna;aliqua.
15;Lorem;ipsum;dolor;sit;amet,;consectetur;adipiscing;elit,;sed;do;eiusmod;tempor;incididunt;ut;labore;et;dolore;magna;aliqua.
48;Lorem;ipsum;dolor;sit;amet,;consectetur;adipiscing;elit,;sed;do;eiusmod;tempor;incididunt;ut;labore;et;dolore;magna;aliqua.
63;Lorem;ipsum;dolor;sit;amet,;consectetur;adipiscing;elit,;sed;do;eiusmod;tempor;incididunt;ut;labore;et;dolore;magna;aliqua.
33;Lorem;ipsum;dolor;sit;amet,;consectetur;adipiscing;elit,;sed;do;eiusmod;tempor;incididunt;ut;labore;et;dolore;magna;aliqua.
93;Lorem;ipsum;dolor;sit;amet,;consectetur;adipiscing;elit,;sed;do;eiusmod;tempor;incididunt;ut;labore;et;dolore;magna;aliqua.
79;Lorem;ipsum;dolor;sit;amet,;consectetur;adipiscing;elit,;sed;do;eiusmod;tempor;incididunt;ut;labore;et;dolore;magna;aliqua.
60;Lorem;ipsum;dolor;sit;amet,;consectetur;adipiscing;elit,;sed;do;eiusmod;tempor;incididunt;ut;labore;et;dolore;magna;aliqua.
21;Lorem;ipsum;dolor;sit;amet,;consectetur;adipiscing;elit,;sed;do;eiusmod;tempor;incididunt;ut;labore;et;dolore;magna;aliqua.
75;Lorem;ipsum;dolor;sit;amet,;consectetur;adipiscing;elit,;sed;do;eiusmod;tempor;incididunt;ut;labore;et;dolore;magna;aliqua.
56;Lorem;ipsum;dolor;sit;amet,;consectetur;adipiscing;elit,;sed;do;eiusmod;tempor;incididunt;ut;labore;et;dolore;magna;aliqua.
78;Lorem;ipsum;dolor;sit;amet,;consectetur;adipiscing;elit,;sed;do;eiusmod;tempor;incididunt;ut;labore;et;dolore;magna;aliqua.
32;Lorem;ipsum;dolor;sit;amet,;consectetur;adipiscing;elit,;sed;do;eiusmod;tempor;incididunt;ut;labore;et;dolore;magna;aliqua.
55;Lorem;ipsum;dolor;sit;amet,;consectetur;adipiscing;elit,;sed;do;eiusmod;tempor;incididunt;ut;labore;et;dolore;magna;aliqua.
20;Lorem;ipsum;dolor;sit;amet,;consectetur;adipiscing;elit,;sed;do;eiusmod;tempor;incididunt;ut;labore;et;dolore;magna;aliqua.
27;Lorem;ipsum;dolor;sit;amet,;consectetur;adipiscing;elit,;sed;do;eiusmod;tempor;incididunt;ut;labore;et;dolore;magna;aliqua.
39;Lorem;ipsum;dolor;sit;amet,;consectetur;adipiscing;elit,;sed;do;eiusmod;tempor;incididunt;ut;labore;et;dolore;magna;aliqua.
20;Lorem;ipsum;dolor;sit;amet,;consectetur;adipiscing;elit,;sed;do;eiusmod;tempor;incididunt;ut;labore;et;dolore;magna;aliqua.
16;Lorem;ipsum;dolor;sit;amet,;consectetur;adipiscing;elit,;sed;do;eiusmod;tempor;incididunt;ut;labore;et;dolore;magna;aliqua.
84;Lorem;ipsum;dolor;sit;amet,;consectetur;adipiscing;elit,;sed;do;eiusmod;tempor;incididunt;ut;labore;et;dolore;magna;aliqua.
38;Lorem;ipsum;dolor;sit;amet,;consectetur;adipiscing;elit,;sed;do;eiusmod;tempor;incididunt;ut;labore;et;dolore;magna;aliqua.
39;Lorem;ipsum;dolor;sit;amet,;consectetur;adipiscing;elit,;sed;do;eiusmod;tempor;incididunt;ut;labore;et;dolore;magna;aliqua.
57;Lorem;ipsum;dolor;sit;amet,;consectetur;adipiscing;elit,;sed;do;eiusmod;tempor;incididunt;ut;labore;et;dolore;magna;aliqua.
77;Lorem;ipsum;dolor;sit;amet,;consectetur;adipiscing;elit,;sed;do;eiusmod;tempor;incididunt;ut;labore;et;dolore;magna;aliqua.
38;Lorem;ipsum;dolor;sit;amet,;consectetur;adipiscing;elit,;sed;do;eiusmod;tempor;incididunt;ut;labore;et;dolore;magna;aliqua.
20;Lorem;ipsum;dolor;sit;amet,;consectetur;adipiscing;elit,;sed;do;eiusmod;tempor;incididunt;ut;labore;et;dolore;magna;aliqua.
32;Lorem;ipsum;dolor;sit;amet,;consectetur;adipiscing;elit,;sed;do;eiusmod;tempor;incididunt;ut;labore;et;dolore;magna;aliqua.
92;Lorem;ipsum;dolor;sit;amet,;consectetur;adipiscing;elit,;sed;do;eiusmod;tempor;incididunt;ut;labore;et;dolore;magna;aliqua.
25;Lorem;ipsum;dolor;sit;amet,;consectetur;adipiscing;elit,;sed;do;eiusmod;tempor;incididunt;ut;labore;et;dolore;magna;aliqua.
66;Lorem;ipsum;dolor;sit;amet,;consectetur;adipiscing;elit,;sed;do;eiusmod;tempor;incididunt;ut;labore;et;dolore;magna;aliqua.
39;Lorem;ipsum;dolor;sit;amet,;consectetur;adipiscing;elit,;sed;do;eiusmod;tempor;incididunt;ut;labore;et;dolore;magna;aliqua.
30;Lorem;ipsum;dolor;sit;amet,;consectetur;adipiscing;elit,;sed;do;eiusmod;tempor;incididunt;ut;labore;et;dolore;magna;aliqua.
37;Lorem;ipsum;dolor;sit;amet,;consectetur;adipiscing;elit,;sed;do;eiusmod;tempor;incididunt;ut;labore;et;dolore;magna;aliqua.
11;Lorem;ipsum;dolor;sit;amet,;consectetur;adipiscing;elit,;sed;do;eiusmod;tempor;incididunt;ut;labore;et;dolore;magna;aliqua.
99;Lorem;ipsum;dolor;sit;amet,;consectetur;adipiscing;elit,;sed;do;eiusmod;tempor;incididunt;ut;labore;et;dolore;magna;aliqua.
78;Lorem;ipsum;dolor;sit;amet,;consectetur;adipiscing;elit,;sed;do;eiusmod;tempor;incididunt;ut;labore;et;dolore;magna;aliqua.
95;Lorem;ipsum;dolor;sit;amet,;consectetur;adipiscing;elit,;sed;do;eiusmod;tempor;incididunt;ut;labore;et;dolore;magna;aliqua.
37;Lorem;ipsum;dolor;sit;amet,;consectetur;adipiscing;elit,;sed;do;eiusmod;tempor;incididunt;ut;labore;et;dolore;magna;aliqua.
33;Lorem;ipsum;dolor;sit;amet,;consectetur;adipiscing;elit,;sed;do;eiusmod;tempor;incididunt;ut;labore;et;dolore;magna;aliqua.
85;Lorem;ipsum;dolor;sit;amet,;consectetur;adipiscing;elit,;sed;do;eiusmod;tempor;incididunt;ut;labore;et;dolore;magna;aliqua.
43;Lorem;ipsum;dolor;sit;amet,;consectetur;adipiscing;elit,;sed;do;eiusmod;tempor;incididunt;ut;labore;et;dolore;magna;aliqua.
62;Lorem;ipsum;dolor;sit;amet,;consectetur;adipiscing;elit,;sed;do;eiusmod;tempor;incididunt;ut;labore;et;dolore;magna;aliqua.
13;Lorem;ipsum;dolor;sit;amet,;consectetur;adipiscing;elit,;sed;do;eiusmod;tempor;incididunt;ut;labore;et;dolore;magna;aliqua.
30;Lorem;ipsum;dolor;sit;amet,;consectetur;adipiscing;elit,;sed;do;eiusmod;tempor;incididunt;ut;labore;et;dolore;magna;aliqua.
74;Lorem;ipsum;dolor;sit;amet,;consectetur;adipiscing;elit,;sed;do;eiusmod;tempor;incididunt;ut;labore;et;dolore;magna;aliqua.
86;Lorem;ipsum;dolor;sit;amet,;consectetur;adipiscing;elit,;sed;do;eiusmod;tempor;incididunt;ut;labore;et;dolore;magna;aliqua.
93;Lorem;ipsum;dolor;sit;amet,;consectetur;adipiscing;elit,;sed;do;eiusmod;tempor;incididunt;ut;labore;et;dolore;magna;aliqua.
22;Lorem;ipsum;dolor;sit;amet,;consectetur;adipiscing;elit,;sed;do;eiusmod;tempor;incididunt;ut;labore;et;dolore;magna;aliqua.
46;Lorem;ipsum;dolor;sit;amet,;consectetur;adipiscing;elit,;sed;do;eiusmod;tempor;incididunt;ut;labore;et;dolore;magna;aliqua.
61;Lorem;ipsum;dolor;sit;amet,;consectetur;adipiscing;elit,;sed;do;eiusmod;tempor;incididunt;ut;labore;et;dolore;magna;aliqua.
98;Lorem;ipsum;dolor;sit;amet,;consectetur;adipiscing;elit,;sed;do;eiusmod;tempor;incididunt;ut;labore;et;dolore;magna;aliqua.
16;Lorem;ipsum;dolor;sit;amet,;consectetur;adipiscing;elit,;sed;do;eiusmod;tempor;incididunt;ut;labore;et;dolore;magna;aliqua.
57;Lorem;ipsum;dolor;sit;amet,;consectetur;adipiscing;elit,;sed;do;eiusmod;tempor;incididunt;ut;labore;et;dolore;magna;aliqua.
59;Lorem;ipsum;dolor;sit;amet,;consectetur;adipiscing;elit,;sed;do;eiusmod;tempor;incididunt;ut;labore;et;dolore;magna;aliqua.
20;Lorem;ipsum;dolor;sit;amet,;consectetur;adipiscing;elit,;sed;do;eiusmod;tempor;incididunt;ut;labore;et;dolore;magna;aliqua.
58;Lorem;ipsum;dolor;sit;amet,;consectetur;adipiscing;elit,;sed;do;eiusmod;tempor;incididunt;ut;labore;et;dolore;magna;aliqua.
46;Lorem;ipsum;dolor;sit;amet,;consectetur;adipiscing;elit,;sed;do;eiusmod;tempor;incididunt;ut;labore;et;dolore;magna;aliqua.
9;Lorem;ipsum;dolor;sit;amet,;consectetur;adipiscing;elit,;sed;do;eiusmod;tempor;incididunt;ut;labore;et;dolore;magna;aliqua.
27;Lorem;ipsum;dolor;sit;amet,;consectetur;adipiscing;elit,;sed;do;eiusmod;tempor;incididunt;ut;labore;et;dolore;magna;aliqua.
59;Lorem;ipsum;dolor;sit;amet,;consectetur;adipiscing;elit,;sed;do;eiusmod;tempor;incididunt;ut;labore;et;dolore;magna;aliqua.
98;Lorem;ipsum;dolor;sit;amet,;consectetur;adipiscing;elit,;sed;do;eiusmod;tempor;incididunt;ut;labore;et;dolore;magna;aliqua.
92;Lorem;ipsum;dolor;sit;amet,;consectetur;adipiscing;elit,;sed;do;eiusmod;tempor;incididunt;ut;labore;et;dolore;magna;aliqua.
62;Lorem;ipsum;dolor;sit;amet,;consectetur;adipiscing;elit,;sed;do;eiusmod;tempor;incididunt;ut;labore;et;dolore;magna;aliqua.
89;Lorem;ipsum;dolor;sit;amet,;consectetur;adipiscing;elit,;sed;do;eiusmod;tempor;incididunt;ut;labore;et;dolore;magna;aliqua.
21;Lorem;ipsum;dolor;sit;amet,;consectetur;adipiscing;elit,;sed;do;eiusmod;tempor;incididunt;ut;labore;et;dolore;magna;aliqua.
95;Lorem;ipsum;dolor;sit;amet,;consectetur;adipiscing;elit,;sed;do;eiusmod;tempor;incididunt;ut;labore;et;dolore;magna;aliqua.
5;Lorem;ipsum;dolor;sit;amet,;consectetur;adipiscing;elit,;sed;do;eiusmod;tempor;incididunt;ut;labore;et;dolore;magna;aliqua.
10;Lorem;ipsum;dolor;sit;amet,;consectetur;adipiscing;elit,;sed;do;eiusmod;tempor;incididunt;ut;labore;et;dolore;magna;aliqua.
48;Lorem;ipsum;dolor;sit;amet,;consectetur;adipiscing;elit,;sed;do;eiusmod;tempor;incididunt;ut;labore;et;dolore;magna;aliqua.
86;Lorem;ipsum;dolor;sit;amet,;consectetur;adipiscing;elit,;sed;do;eiusmod;tempor;incididunt;ut;labore;et;dolore;magna;aliqua.
30;Lorem;ipsum;dolor;sit;amet,;consectetur;adipiscing;elit,;sed;do;eiusmod;tempor;incididunt;ut;labore;et;dolore;magna;aliqua.
95;Lorem;ipsum;dolor;sit;amet,;consectetur;adipiscing;elit,;sed;do;eiusmod;tempor;incididunt;ut;labore;et;dolore;magna;aliqua.
98;Lorem;ipsum;dolor;sit;amet,;consectetur;adipiscing;elit,;sed;do;eiusmod;tempor;incididunt;ut;labore;et;dolore;magna;aliqua.
93;Lorem;ipsum;dolor;sit;amet,;consectetur;adipiscing;elit,;sed;do;eiusmod;tempor;incididunt;ut;labore;et;dolore;magna;aliqua.
37;Lorem;ipsum;dolor;sit;amet,;consectetur;adipiscing;elit,;sed;do;eiusmod;tempor;incididunt;ut;labore;et;dolore;magna;aliqua.
73;Lorem;ipsum;dolor;sit;amet,;consectetur;adipiscing;elit,;sed;do;eiusmod;tempor;incididunt;ut;labore;et;dolore;magna;aliqua.
4;Lorem;ipsum;dolor;sit;amet,;consectetur;adipiscing;elit,;sed;do;eiusmod;tempor;incididunt;ut;labore;et;dolore;magna;aliqua.
28;Lorem;ipsum;dolor;sit;amet,;consectetur;adipiscing;elit,;sed;do;eiusmod;tempor;incididunt;ut;labore;et;dolore;magna;aliqua.
78;Lorem;ipsum;dolor;sit;amet,;consectetur;adipiscing;elit,;sed;do;eiusmod;tempor;incididunt;ut;labore;et;dolore;magna;aliqua.
37;Lorem;ipsum;dolor;sit;amet,;consectetur;adipiscing;elit,;sed;do;eiusmod;tempor;incididunt;ut;labore;et;dolore;magna;aliqua.
54;Lorem;ipsum;dolor;sit;amet,;consectetur;adipiscing;elit,;sed;do;eiusmod;tempor;incididunt;ut;labore;et;dolore;magna;aliqua.
98;Lorem;ipsum;dolor;sit;amet,;consectetur;adipiscing;elit,;sed;do;eiusmod;tempor;incididunt;ut;labore;et;dolore;magna;aliqua.
44;Lorem;ipsum;dolor;sit;amet,;consectetur;adipiscing;elit,;sed;do;eiusmod;tempor;incididunt;ut;labore;et;dolore;magna;aliqua.
63;Lorem;ipsum;dolor;sit;amet,;consectetur;adipiscing;elit,;sed;do;eiusmod;tempor;incididunt;ut;labore;et;dolore;magna;aliqua.
91;Lorem;ipsum;dolor;sit;amet,;consectetur;adipiscing;elit,;sed;do;eiusmod;tempor;incididunt;ut;labore;et;dolore;magna;aliqua.
89;Lorem;ipsum;dolor;sit;amet,;consectetur;adipiscing;elit,;sed;do;eiusmod;tempor;incididunt;ut;labore;et;dolore;magna;aliqua.
45;Lorem;ipsum;dolor;sit;amet,;consectetur;adipiscing;elit,;sed;do;eiusmod;tempor;incididunt;ut;labore;et;dolore;magna;aliqua.
55;Lorem;ipsum;dolor;sit;amet,;consectetur;adipiscing;elit,;sed;do;eiusmod;tempor;incididunt;ut;labore;et;dolore;magna;aliqua.
100;Lorem;ipsum;dolor;sit;amet,;consectetur;adipiscing;elit,;sed;do;eiusmod;tempor;incididunt;ut;labore;et;dolore;magna;aliqua.
57;Lorem;ipsum;dolor;sit;amet,;consectetur;adipiscing;elit,;sed;do;eiusmod;tempor;incididunt;ut;labore;et;dolore;magna;aliqua.
53;Lorem;ipsum;dolor;sit;amet,;consectetur;adipiscing;elit,;sed;do;eiusmod;tempor;incididunt;ut;labore;et;dolore;magna;aliqua.
70;Lorem;ipsum;dolor;sit;amet,;consectetur;adipiscing;elit,;sed;do;eiusmod;tempor;incididunt;ut;labore;et;dolore;magna;aliqua.
85;Lorem;ipsum;dolor;sit;amet,;consectetur;adipiscing;elit,;sed;do;eiusmod;tempor;incididunt;ut;labore;et;dolore;magna;aliqua.
66;Lorem;ipsum;dolor;sit;amet,;consectetur;adipiscing;elit,;sed;do;eiusmod;tempor;incididunt;ut;labore;et;dolore;magna;aliqua.
68;Lorem;ipsum;dolor;sit;amet,;consectetur;adipiscing;elit,;sed;do;eiusmod;tempor;incididunt;ut;labore;et;dolore;magna;aliqua.
28;Lorem;ipsum;dolor;sit;amet,;consectetur;adipiscing;elit,;sed;do;eiusmod;tempor;incididunt;ut;labore;et;dolore;magna;aliqua.
51;Lorem;ipsum;dolor;sit;amet,;consectetur;adipiscing;elit,;sed;do;eiusmod;tempor;incididunt;ut;labore;et;dolore;magna;aliqua.
98;Lorem;ipsum;dolor;sit;amet,;consectetur;adipiscing;elit,;sed;do;eiusmod;tempor;incididunt;ut;labore;et;dolore;magna;aliqua.
50;Lorem;ipsum;dolor;sit;amet,;consectetur;adipiscing;elit,;sed;do;eiusmod;tempor;incididunt;ut;labore;et;dolore;magna;aliqua.
46;Lorem;ipsum;dolor;sit;amet,;consectetur;adipiscing;elit,;sed;do;eiusmod;tempor;incididunt;ut;labore;et;dolore;magna;aliqua.
73;Lorem;ipsum;dolor;sit;amet,;consectetur;adipiscing;elit,;sed;do;eiusmod;tempor;incididunt;ut;labore;et;dolore;magna;aliqua.
67;Lorem;ipsum;dolor;sit;amet,;consectetur;adipiscing;elit,;sed;do;eiusmod;tempor;incididunt;ut;labore;et;dolore;magna;aliqua.
62;Lorem;ipsum;dolor;sit;amet,;consectetur;adipiscing;elit,;sed;do;eiusmod;tempor;incididunt;ut;labore;et;dolore;magna;aliqua.
66;Lorem;ipsum;dolor;sit;amet,;consectetur;adipiscing;elit,;sed;do;eiusmod;tempor;incididunt;ut;labore;et;dolore;magna;aliqua.
29;Lorem;ipsum;dolor;sit;amet,;consectetur;adipiscing;elit,;sed;do;eiusmod;tempor;incididunt;ut;labore;et;dolore;magna;aliqua.
59;Lorem;ipsum;dolor;sit;amet,;consectetur;adipiscing;elit,;sed;do;eiusmod;tempor;incididunt;ut;labore;et;dolore;magna;aliqua.
38;Lorem;ipsum;dolor;sit;amet,;consectetur;adipiscing;elit,;sed;do;eiusmod;tempor;incididunt;ut;labore;et;dolore;magna;aliqua.
32;Lorem;ipsum;dolor;sit;amet,;consectetur;adipiscing;elit,;sed;do;eiusmod;tempor;incididunt;ut;labore;et;dolore;magna;aliqua.
40;Lorem;ipsum;dolor;sit;amet,;consectetur;adipiscing;elit,;sed;do;eiusmod;tempor;incididunt;ut;labore;et;dolore;magna;aliqua.
64;Lorem;ipsum;dolor;sit;amet,;consectetur;adipiscing;elit,;sed;do;eiusmod;tempor;incididunt;ut;labore;et;dolore;magna;aliqua.
60;Lorem;ipsum;dolor;sit;amet,;consectetur;adipiscing;elit,;sed;do;eiusmod;tempor;incididunt;ut;labore;et;dolore;magna;aliqua.
97;Lorem;ipsum;dolor;sit;amet,;consectetur;adipiscing;elit,;sed;do;eiusmod;tempor;incididunt;ut;labore;et;dolore;magna;aliqua.
13;Lorem;ipsum;dolor;sit;amet,;consectetur;adipiscing;elit,;sed;do;eiusmod;tempor;incididunt;ut;labore;et;dolore;magna;aliqua.
12;Lorem;ipsum;dolor;sit;amet,;consectetur;adipiscing;elit,;sed;do;eiusmod;tempor;incididunt;ut;labore;et;dolore;magna;aliqua.
83;Lorem;ipsum;dolor;sit;amet,;consectetur;adipiscing;elit,;sed;do;eiusmod;tempor;incididunt;ut;labore;et;dolore;magna;aliqua.
57;Lorem;ipsum;dolor;sit;amet,;consectetur;adipiscing;elit,;sed;do;eiusmod;tempor;incididunt;ut;labore;et;dolore;magna;aliqua.
82;Lorem;ipsum;dolor;sit;amet,;consectetur;adipiscing;elit,;sed;do;eiusmod;tempor;incididunt;ut;labore;et;dolore;magna;aliqua.
11;Lorem;ipsum;dolor;sit;amet,;consectetur;adipiscing;elit,;sed;do;eiusmod;tempor;incididunt;ut;labore;et;dolore;magna;aliqua.
45;Lorem;ipsum;dolor;sit;amet,;consectetur;adipiscing;elit,;sed;do;eiusmod;tempor;incididunt;ut;labore;et;dolore;magna;aliqua.
6;Lorem;ipsum;dolor;sit;amet,;consectetur;adipiscing;elit,;sed;do;eiusmod;tempor;incididunt;ut;labore;et;dolore;magna;aliqua.
38;Lorem;ipsum;dolor;sit;amet,;consectetur;adipiscing;elit,;sed;do;eiusmod;tempor;incididunt;ut;labore;et;dolore;magna;aliqua.
86;Lorem;ipsum;dolor;sit;amet,;consectetur;adipiscing;elit,;sed;do;eiusmod;tempor;incididunt;ut;labore;et;dolore;magna;aliqua.
48;Lorem;ipsum;dolor;sit;amet,;consectetur;adipiscing;elit,;sed;do;eiusmod;tempor;incididunt;ut;labore;et;dolore;magna;aliqua.
53;Lorem;ipsum;dolor;sit;amet,;consectetur;adipiscing;elit,;sed;do;eiusmod;tempor;incididunt;ut;labore;et;dolore;magna;aliqua.
78;Lorem;ipsum;dolor;sit;amet,;consectetur;adipiscing;elit,;sed;do;eiusmod;tempor;incididunt;ut;labore;et;dolore;magna;aliqua.
15;Lorem;ipsum;dolor;sit;amet,;consectetur;adipiscing;elit,;sed;do;eiusmod;tempor;incididunt;ut;labore;et;dolore;magna;aliqua.
79;Lorem;ipsum;dolor;sit;amet,;consectetur;adipiscing;elit,;sed;do;eiusmod;tempor;incididunt;ut;labore;et;dolore;magna;aliqua.
100;Lorem;ipsum;dolor;sit;amet,;consectetur;adipiscing;elit,;sed;do;eiusmod;tempor;incididunt;ut;labore;et;dolore;magna;aliqua.
57;Lorem;ipsum;dolor;sit;amet,;consectetur;adipiscing;elit,;sed;do;eiusmod;tempor;incididunt;ut;labore;et;dolore;magna;aliqua.
74;Lorem;ipsum;dolor;sit;amet,;consectetur;adipiscing;elit,;sed;do;eiusmod;tempor;incididunt;ut;labore;et;dolore;magna;aliqua.
35;Lorem;ipsum;dolor;sit;amet,;consectetur;adipiscing;elit,;sed;do;eiusmod;tempor;incididunt;ut;labore;et;dolore;magna;aliqua.
45;Lorem;ipsum;dolor;sit;amet,;consectetur;adipiscing;elit,;sed;do;eiusmod;tempor;incididunt;ut;labore;et;dolore;magna;aliqua.
26;Lorem;ipsum;dolor;sit;amet,;consectetur;adipiscing;elit,;sed;do;eiusmod;tempor;incididunt;ut;labore;et;dolore;magna;aliqua.
8;Lorem;ipsum;dolor;sit;amet,;consectetur;adipiscing;elit,;sed;do;eiusmod;tempor;incididunt;ut;labore;et;dolore;magna;aliqua.
92;Lorem;ipsum;dolor;sit;amet,;consectetur;adipiscing;elit,;sed;do;eiusmod;tempor;incididunt;ut;labore;et;dolore;magna;aliqua.
96;Lorem;ipsum;dolor;sit;amet,;consectetur;adipiscing;elit,;sed;do;eiusmod;tempor;incididunt;ut;labore;et;dolore;magna;aliqua.
89;Lorem;ipsum;dolor;sit;amet,;consectetur;adipiscing;elit,;sed;do;eiusmod;tempor;incididunt;ut;labore;et;dolore;magna;aliqua.
38;Lorem;ipsum;dolor;sit;amet,;consectetur;adipiscing;elit,;sed;do;eiusmod;tempor;incididunt;ut;labore;et;dolore;magna;aliqua.
93;Lorem;ipsum;dolor;sit;amet,;consectetur;adipiscing;elit,;sed;do;eiusmod;tempor;incididunt;ut;labore;et;dolore;magna;aliqua.
48;Lorem;ipsum;dolor;sit;amet,;consectetur;adipiscing;elit,;sed;do;eiusmod;tempor;incididunt;ut;labore;et;dolore;magna;aliqua.
9;Lorem;ipsum;dolor;sit;amet,;consectetur;adipiscing;elit,;sed;do;eiusmod;tempor;incididunt;ut;labore;et;dolore;magna;aliqua.
81;Lorem;ipsum;dolor;sit;amet,;consectetur;adipiscing;elit,;sed;do;eiusmod;tempor;incididunt;ut;labore;et;dolore;magna;aliqua.
5;Lorem;ipsum;dolor;sit;amet,;consectetur;adipiscing;elit,;sed;do;eiusmod;tempor;incididunt;ut;labore;et;dolore;magna;aliqua.
84;Lorem;ipsum;dolor;sit;amet,;consectetur;adipiscing;elit,;sed;do;eiusmod;tempor;incididunt;ut;labore;et;dolore;magna;aliqua.
32;Lorem;ipsum;dolor;sit;amet,;consectetur;adipiscing;elit,;sed;do;eiusmod;tempor;incididunt;ut;labore;et;dolore;magna;aliqua.
72;Lorem;ipsum;dolor;sit;amet,;consectetur;adipiscing;elit,;sed;do;eiusmod;tempor;incididunt;ut;labore;et;dolore;magna;aliqua.
94;Lorem;ipsum;dolor;sit;amet,;consectetur;adipiscing;elit,;sed;do;eiusmod;tempor;incididunt;ut;labore;et;dolore;magna;aliqua.
76;Lorem;ipsum;dolor;sit;amet,;consectetur;adipiscing;elit,;sed;do;eiusmod;tempor;incididunt;ut;labore;et;dolore;magna;aliqua.
88;Lorem;ipsum;dolor;sit;amet,;consectetur;adipiscing;elit,;sed;do;eiusmod;tempor;incididunt;ut;labore;et;dolore;magna;aliqua.
24;Lorem;ipsum;dolor;sit;amet,;consectetur;adipiscing;elit,;sed;do;eiusmod;tempor;incididunt;ut;labore;et;dolore;magna;aliqua.
39;Lorem;ipsum;dolor;sit;amet,;consectetur;adipiscing;elit,;sed;do;eiusmod;tempor;incididunt;ut;labore;et;dolore;magna;aliqua.
59;Lorem;ipsum;dolor;sit;amet,;consectetur;adipiscing;elit,;sed;do;eiusmod;tempor;incididunt;ut;labore;et;dolore;magna;aliqua.
73;Lorem;ipsum;dolor;sit;amet,;consectetur;adipiscing;elit,;sed;do;eiusmod;tempor;incididunt;ut;labore;et;dolore;magna;aliqua.
39;Lorem;ipsum;dolor;sit;amet,;consectetur;adipiscing;elit,;sed;do;eiusmod;tempor;incididunt;ut;labore;et;dolore;magna;aliqua.
18;Lorem;ipsum;dolor;sit;amet,;consectetur;adipiscing;elit,;sed;do;eiusmod;tempor;incididunt;ut;labore;et;dolore;magna;aliqua.
65;Lorem;ipsum;dolor;sit;amet,;consectetur;adipiscing;elit,;sed;do;eiusmod;tempor;incididunt;ut;labore;et;dolore;magna;aliqua.